﻿{
   "CodeGenerationMode": 2,
   "ContextClassName": "AppDbContext",
   "ContextNamespace": null,
   "DefaultDacpacSchema": null,
   "FilterSchemas": false,
   "IncludeConnectionString": false,
   "ModelNamespace": null,
   "OutputContextPath": ".\/",
   "OutputPath": ".\/Entities",
   "ProjectRootNamespace": "eVideoPrime.DAL",
   "Schemas": null,
   "SelectedHandlebarsLanguage": 0,
   "SelectedToBeGenerated": 0,
   "Tables": [
      {
         "Name": "[dbo].[Categories]",
         "ObjectType": 0
      },
      {
         "Name": "[dbo].[Movies]",
         "ObjectType": 0
      },
      {
         "Name": "[dbo].[PaymentDetails]",
         "ObjectType": 0
      },
      {
         "Name": "[dbo].[Plans]",
         "ObjectType": 0
      },
      {
         "Name": "[dbo].[Roles]",
         "ObjectType": 0
      },
      {
         "Name": "[dbo].[Subscriptions]",
         "ObjectType": 0
      },
      {
         "Name": "[dbo].[UserRoles]",
         "ObjectType": 0
      },
      {
         "Name": "[dbo].[Users]",
         "ObjectType": 0
      }
   ],
   "UiHint": "SHAILENDRA\\SQLEXPRESS.eVideoPrime-IBM",
   "UseBoolPropertiesWithoutDefaultSql": false,
   "UseDatabaseNames": false,
   "UseDbContextSplitting": false,
   "UseFluentApiOnly": true,
   "UseHandleBars": false,
   "UseHierarchyId": false,
   "UseInflector": true,
   "UseLegacyPluralizer": false,
   "UseManyToManyEntity": false,
   "UseNoConstructor": false,
   "UseNoDefaultConstructor": false,
   "UseNoNavigations": false,
   "UseNoObjectFilter": false,
   "UseNodaTime": false,
   "UseNullableReferences": false,
   "UseSchemaFolders": false,
   "UseSpatial": false
}